state,total_cases,number_injured,number_killed,total_casualty,people_involved,spv,upd,tbt,mdv,bfl,ovl,dot,wot
Abia,30,146,31,177,279,19,0,4,0,3,0,0,5
Adamawa,77,234,36,270,443,57,0,3,2,0,1,0,17
Akwa Ibom,22,28,7,35,89,15,0,0,0,2,0,0,1
Anambra,72,152,20,172,526,43,0,3,0,9,0,0,4
Bauchi,154,685,90,775,1182,74,0,11,3,0,5,2,21
Bayelsa,1,3,0,3,3,1,0,0,0,0,0,0,0
Benue,77,177,25,202,254,81,0,0,0,0,0,0,0
Borno,25,67,16,83,118,11,0,4,2,0,0,0,0
Cross River,33,65,11,76,164,23,0,1,2,1,1,0,2
Delta,67,182,36,218,407,70,0,10,0,4,0,0,8
Ebonyi,27,82,11,93,200,9,0,8,0,0,0,0,6
Edo,55,118,32,150,311,77,0,9,2,2,2,0,4
Ekiti,30,71,9,80,185,23,0,1,0,4,0,0,7
Enugu,44,116,30,146,387,10,0,0,1,10,0,0,2
FCT,312,572,90,662,1543,284,1,18,4,7,1,4,13
Gombe,70,231,26,257,459,59,1,2,1,1,0,0,7
Imo,31,91,15,106,230,11,0,3,0,1,0,0,1
Jigawa,92,318,64,382,628,118,1,11,2,0,12,0,7
Kaduna,281,1010,224,1234,2234,194,1,13,0,5,3,4,15
Kano,102,499,194,693,1013,90,0,4,0,2,0,2,7
Katsina,77,277,39,316,421,80,0,1,2,3,0,0,4
Kebbi,58,222,56,278,387,45,0,3,2,0,0,0,6
Kogi,122,335,55,390,851,91,0,8,4,8,1,0,16
Kwara,102,313,60,373,694,105,1,5,3,5,0,0,18
Lagos,113,181,21,202,602,46,0,3,12,23,0,0,4
Nasarawa,200,513,65,578,961,114,0,6,4,1,0,0,12
Niger,110,347,91,438,653,102,0,1,1,4,0,0,4
Ogun,279,548,83,631,1678,254,0,22,10,28,4,1,12
Ondo,114,320,84,404,899,107,0,7,3,3,0,0,14
Osun,109,292,52,344,711,93,0,11,5,3,2,0,8
Oyo,155,385,68,453,1120,128,1,15,5,14,1,0,14
Plateau,45,123,17,140,255,18,0,2,3,9,0,0,3
Rivers,25,77,6,83,194,19,0,2,1,3,0,0,0
Sokoto,32,138,47,185,228,49,0,0,0,0,2,0,2
Taraba,59,149,7,156,284,57,0,2,1,0,1,0,4
Yobe,56,383,60,443,602,28,0,9,1,0,2,0,7
Zamfara,55,252,40,292,475,40,0,2,1,0,5,2,6
TOTAL,3313,9702,1818,11520,21670,2645,6,204,77,155,43,15,261
STATE,TOTAL CASES,NUMBER INJURED,NUMBER KILLED,TOTAL CASUALTY,PEOPLE INVOLVED,BFL,OVL,DOT,WOT,DGD,BRD,RTV,OBS
Abia,44,119,35,154,289,4,0,0,3,0,0,3,0
Adamawa,84,251,21,272,437,0,4,0,16,0,0,5,14
Akwa Ibom,22,35,12,47,117,3,0,0,2,1,0,1,0
Anambra,80,147,9,156,575,21,0,0,6,1,0,4,1
Bauchi,131,634,115,749,1138,0,0,1,18,15,1,4,2
Bayelsa,7,15,0,15,29,0,0,0,0,1,0,0,0
Benue,52,123,15,138,187,1,0,0,0,2,0,0,0
Borno,31,78,24,102,149,0,0,0,2,5,0,2,1
Cross River,25,50,30,80,135,2,0,0,5,3,0,0,0
Delta,71,196,51,247,482,7,0,0,5,3,0,2,0
Ebonyi,31,121,27,148,274,0,0,0,5,0,0,2,0
Edo,56,140,51,191,386,2,0,0,5,4,0,6,0
Ekiti,31,101,13,114,175,4,0,0,1,0,0,0,0
Enugu,66,222,37,259,505,7,0,0,5,7,0,5,0
FCT,278,518,56,574,1289,7,2,0,1,36,0,34,1
Gombe,72,232,31,263,388,2,3,0,2,11,0,4,2
Imo,16,71,17,88,116,2,0,0,3,0,0,0,0
Jigawa,67,264,35,299,443,0,12,0,6,6,0,5,7
Kaduna,256,1149,196,1345,2151,5,0,0,30,12,3,16,2
Kano,137,604,100,704,1013,1,2,4,17,6,1,12,2
Katsina,71,287,29,316,469,3,0,0,3,7,0,2,0
Kebbi,44,139,21,160,263,0,1,0,4,4,0,0,0
Kogi,143,425,94,519,1361,10,0,0,19,6,0,11,9
Kwara,100,369,69,438,680,1,1,1,17,2,0,0,0
Lagos,151,243,26,269,709,13,0,0,12,8,3,6,0
Nasarawa,176,452,77,529,931,3,0,0,10,34,1,11,0
Niger,108,492,93,585,809,4,2,0,11,8,0,7,1
Ogun,299,670,82,752,1908,23,6,1,18,8,10,11,4
Ondo,115,290,43,333,752,9,0,1,14,12,3,4,0
Osun,105,317,43,360,749,8,0,2,7,10,2,2,2
Oyo,176,399,103,502,1169,19,1,2,19,17,5,4,2
Plateau,48,130,15,145,251,7,1,0,4,9,0,0,1
Rivers,21,54,4,58,118,0,0,0,2,0,0,1,0
Sokoto,37,119,33,152,205,1,0,1,1,5,0,1,1
Taraba,67,213,12,225,315,0,0,0,3,21,0,1,3
Yobe,42,235,35,270,379,0,1,0,6,7,1,1,1
Zamfara,41,153,14,167,235,0,0,1,6,2,0,5,0
TOTAL,3301,10057,1668,11725,21581,169,36,14,288,273,30,172,56
STATE,NUMBER INJURED,NUMBER KILLED,TOTAL CASUALTY,PEOPLE INVOLVED,TBT,MDV,BFL,OVL,DOT,WOT,DGD,BRD,RTV
Abia,69,19,88,177,1,1,1,1,0,0,3,0,4
Adamawa,280,21,301,468,3,3,0,0,0,11,1,0,3
Akwa Ibom,32,10,42,87,0,0,1,0,0,2,1,1,1
Anambra,138,18,156,418,2,4,38,0,0,6,1,0,6
Bauchi,418,46,464,737,8,5,0,2,0,17,7,0,5
Bayelsa,19,3,22,42,0,0,0,0,0,0,1,0,1
Benue,170,19,189,236,0,0,0,0,0,0,2,0,1
Borno,65,4,69,103,7,0,0,0,0,3,0,0,0
Cross River,74,5,79,149,2,1,5,0,0,4,1,0,0
Delta,136,16,152,311,6,1,5,0,0,3,0,0,0
Ebonyi,82,15,97,185,6,0,0,0,0,4,0,0,1
Edo,154,34,188,370,3,2,4,0,0,9,1,0,1
Ekiti,98,20,118,252,2,0,1,1,0,1,4,1,0
Enugu,157,22,179,453,9,2,4,1,0,9,4,0,2
FCT,483,37,520,1273,10,4,6,0,0,1,22,0,15
Gombe,239,28,267,427,1,0,2,6,0,3,26,0,5
Imo,64,14,78,145,5,0,3,0,0,1,3,0,2
Jigawa,370,46,416,499,12,1,0,7,1,6,0,0,6
Kaduna,837,217,1054,1790,21,1,3,4,1,31,12,2,4
Kano,286,57,343,480,3,1,1,0,3,7,6,1,1
Katsina,148,40,188,229,2,0,0,0,0,2,8,3,0
Kebbi,130,4,134,220,0,0,0,1,0,4,1,0,4
Kogi,246,25,271,705,3,6,5,4,0,10,9,0,7
Kwara,368,80,448,750,10,6,3,0,0,16,3,0,0
Lagos,266,47,313,717,7,6,20,0,0,6,14,6,3
Nasarawa,600,53,653,1106,6,2,5,3,2,43,37,1,10
Niger,516,103,619,946,7,1,2,2,2,16,1,2,6
Ogun,637,121,758,1980,0,17,0,0,0,19,3,0,5
Ondo,299,47,346,772,9,3,5,0,0,13,13,5,3
Osun,250,52,302,615,15,3,7,1,1,8,4,2,4
Oyo,400,85,485,1009,10,2,4,0,0,22,12,5,11
Plateau,283,23,306,579,2,3,17,0,0,10,17,1,2
Rivers,65,6,71,142,0,0,2,0,2,3,4,0,4
Sokoto,87,37,124,196,0,0,0,1,0,0,3,0,0
Taraba,171,12,183,254,1,0,0,3,0,2,21,0,1
Yobe,168,17,185,247,11,0,0,0,0,6,6,0,0
Zamfara,213,50,263,386,5,0,0,2,0,5,0,0,4
TOTAL,9018,1453,10471,19455,189,75,144,39,12,303,251,30,122
ROAD TRAFFIC CRASHES ON STATE BASIS ,,,,,,,,,,,,,
STATE,NUMBER INJURED,NUMBER KILLED,TOTAL CASUALTY,PEOPLE INVOLVED,SPV,UPD,TBT,MDV,BFL,OVL,DOT,WOT,DGD
Abia,62,11,73,140,4,0,5,0,5,0,0,4,2
Adamawa,208,26,234,391,66,0,2,1,0,0,0,15,1
Akwa Ibom,18,1,19,75,11,0,0,0,0,0,0,0,3
Anambra,142,17,159,411,20,0,4,1,32,0,0,5,1
Bauchi,627,79,706,1010,69,0,7,7,0,2,1,15,6
Bayelsa,23,8,31,72,16,0,0,2,0,1,0,0,1
Benue,159,18,177,245,37,0,0,0,1,0,0,2,7
Borno,110,3,113,188,9,0,4,0,0,0,0,2,0
Cross River,144,15,159,229,24,0,5,1,1,0,0,7,0
Delta,122,23,145,279,30,0,2,4,2,0,2,3,0
Ebonyi,100,18,118,272,19,0,4,2,0,0,0,4,0
Edo,158,33,191,419,68,0,2,3,7,0,0,11,1
Ekiti,127,10,137,287,30,0,0,0,6,0,0,3,2
Enugu,270,28,298,748,45,0,6,1,21,0,0,7,2
FCT,562,57,619,1629,260,0,12,0,3,2,0,5,19
Gombe,218,13,231,334,38,3,5,1,1,0,0,7,8
Imo,85,16,101,251,10,0,2,1,4,0,0,3,3
Jigawa,312,65,377,560,89,0,8,1,0,7,1,3,2
Kaduna,684,144,828,1471,118,0,7,3,2,3,0,29,2
Kano,131,53,184,283,16,0,4,0,1,0,0,3,8
Katsina,98,33,131,138,21,0,2,0,0,0,0,1,2
Kebbi,159,59,218,312,41,0,0,1,0,1,0,4,8
Kogi,280,42,322,786,72,0,5,4,7,0,0,9,6
Kwara,255,21,276,551,65,0,5,5,3,0,0,7,4
Lagos,233,41,274,689,71,1,2,13,15,0,0,9,10
Nasarawa,535,33,568,921,126,0,9,1,4,1,0,32,34
Niger,577,150,727,1227,162,2,5,0,2,0,0,27,6
Ogun,618,98,716,1889,253,0,6,19,2,1,1,10,5
Ondo,251,51,302,580,72,0,2,1,4,0,1,11,12
Osun,324,82,406,866,78,0,8,4,6,1,0,17,9
Oyo,344,58,402,888,88,1,14,4,11,0,0,18,6
Plateau,249,25,274,417,23,0,4,5,15,0,0,9,10
Rivers,88,23,111,208,16,0,2,0,2,0,0,6,4
Sokoto,78,15,93,175,26,0,2,0,0,0,0,0,3
Taraba,128,3,131,211,18,0,0,0,0,1,0,6,15
Yobe,292,41,333,502,33,0,14,0,0,2,0,8,7
Zamfara,56,19,75,110,9,0,2,0,0,0,0,4,0
TOTAL,8827,1432,10259,19764,2153,7,161,85,157,22,6,306,209
STATE,NUMBER INJURED,NUMBER KILLED,TOTAL CASUALTY,PEOPLE INVOLVED,SPV,UPD,TBT,MDV,BFL,OVL,DOT,WOT,DGD
Abia,89,7,96,209,8,0,2,0,7,0,0,2,1
Adamawa,117,17,134,213,62,0,4,0,0,0,0,10,0
Akwa Ibom,75,15,90,164,12,0,1,3,4,0,1,0,0
Anambra,121,14,135,344,24,0,1,3,12,0,0,8,0
Bauchi,523,93,616,888,124,2,18,2,0,9,1,29,21
Bayelsa,17,1,18,27,16,0,1,1,0,0,0,1,0
Benue,225,24,249,395,34,1,2,0,0,0,0,3,4
Borno,207,66,273,375,13,0,1,1,0,1,0,2,1
Cross River,81,21,102,257,48,0,2,1,3,2,0,6,3
Delta,174,30,204,306,29,0,7,4,1,1,0,1,3
Ebonyi,118,19,137,368,16,0,2,0,1,0,0,4,4
Edo,142,23,165,487,61,0,1,0,6,0,0,3,2
Ekiti,40,9,49,101,18,0,0,0,5,0,0,1,0
Enugu,157,19,176,481,24,0,8,0,14,0,0,2,1
FCT,791,127,918,2103,172,0,8,3,4,0,3,6,31
Gombe,363,47,410,656,44,5,7,0,0,5,0,5,27
Imo,97,21,118,235,20,0,2,0,5,0,0,3,5
Jigawa,624,44,668,1043,142,2,14,0,0,9,2,7,4
Kaduna,810,142,952,1728,121,0,8,2,2,1,3,16,9
Kano,411,94,505,781,30,0,1,1,0,1,1,3,3
Katsina,169,32,201,278,11,0,0,0,0,0,0,1,3
Kebbi,186,43,229,391,47,1,0,0,0,0,0,8,5
Kogi,413,81,494,1287,105,0,5,7,15,1,0,20,7
Kwara,252,54,306,632,64,0,4,6,2,0,0,18,9
Lagos,268,42,310,808,84,0,4,17,6,0,0,12,13
Nasarawa,580,57,637,1216,92,1,4,25,9,4,8,22,20
Niger,553,96,649,1075,154,0,7,2,7,2,0,21,6
Ogun,663,77,740,1737,239,1,0,17,0,0,0,18,9
Ondo,247,33,280,593,95,1,6,1,9,1,0,10,29
Osun,319,39,358,795,73,0,9,5,6,0,2,11,6
Oyo,423,84,507,984,101,1,12,7,8,2,2,15,17
Plateau,254,29,283,522,31,0,2,5,21,0,0,5,6
Rivers,43,16,59,156,14,0,5,0,6,0,2,4,3
Sokoto,148,26,174,259,61,0,2,0,0,0,0,0,1
Taraba,192,8,200,361,25,0,2,0,0,6,0,3,11
Yobe,237,35,272,423,29,0,10,2,0,1,1,2,10
Zamfara,103,23,126,174,22,0,2,0,0,0,0,5,1
TOTAL,10232,1608,11840,22852,2265,15,164,115,153,46,26,287,275
STATE,NUMBER INJURED,NUMBER KILLED,TOTAL CASUALTY,PEOPLE INVOLVED,SPV,UPD,TBT,MDV,BFL,OVL,DOT,WOT,DGD
Abia,144,13,157,260,20,0,5,1,8,0,0,3,0
Adamawa,245,61,306,488,75,0,2,2,0,0,0,15,1
Akwa Ibom,35,7,42,84,12,1,0,1,0,0,0,1,0
Anambra,103,22,125,376,24,0,1,0,7,0,0,8,0
Bauchi,499,73,572,1105,90,0,8,2,0,2,0,19,17
Bayelsa,61,2,63,140,29,0,0,0,0,1,0,5,0
Benue,221,27,248,461,55,2,2,3,3,0,0,4,4
Borno,114,25,139,187,15,0,4,1,0,0,0,0,0
Cross River,71,8,79,135,13,0,1,0,2,0,0,1,1
Delta,227,62,289,568,51,0,13,4,6,1,0,6,2
Ebonyi,87,22,109,217,20,0,2,0,0,0,0,12,2
Edo,176,54,230,569,80,0,4,2,16,0,0,9,0
Ekiti,35,3,38,74,19,0,0,1,2,1,0,0,0
Enugu,211,38,249,600,18,0,1,0,17,1,0,4,0
FCT,467,56,523,1609,240,0,27,3,4,0,0,4,33
Gombe,274,16,290,415,53,0,4,3,0,0,2,9,7
Imo,54,17,71,134,5,0,3,0,7,0,0,1,1
Jigawa,417,37,454,724,168,1,13,0,0,11,0,6,2
Kaduna,887,197,1084,1818,110,0,13,2,1,1,1,15,19
Kano,417,138,555,782,80,0,5,1,2,2,0,6,7
Katsina,76,37,113,143,10,0,2,0,0,2,0,0,2
Kebbi,229,22,251,350,57,0,0,0,0,0,0,2,0
Kogi,474,95,569,1449,132,1,9,5,13,2,0,20,11
Kwara,315,86,401,635,109,1,10,4,5,0,0,7,4
Lagos,276,48,324,1118,88,0,9,9,34,0,0,6,13
Nasarawa,556,70,626,1225,183,0,10,6,6,3,0,18,27
Niger,754,155,909,1580,124,0,8,0,2,2,0,22,1
Ogun,656,126,782,1915,260,0,7,5,7,2,0,16,7
Ondo,355,54,409,1038,95,0,11,3,8,2,0,9,22
Osun,376,29,405,883,75,0,18,6,4,1,1,13,2
Oyo,540,73,613,1337,124,0,14,5,12,2,0,14,15
Plateau,270,36,306,508,26,0,0,2,18,1,0,8,6
Rivers,58,7,65,157,20,0,4,1,3,0,0,2,3
Sokoto,103,13,116,231,19,0,3,0,1,0,1,2,1
Taraba,248,32,280,420,21,0,5,0,0,3,0,12,16
Yobe,133,63,196,272,21,0,5,0,0,1,0,3,3
Zamfara,130,10,140,185,20,0,0,0,0,1,0,8,0
TOTAL,10294,1834,12128,24192,2561,6,223,72,188,42,5,290,229
STATE,NUMBER INJURED,NUMBER KILLED,TOTAL CASUALTY,PEOPLE INVOLVED,SPV,UPD,TBT,MDV,BFL,OVL,DOT,WOT,DGD
Abia,107,23,130,224,21,0,7,0,5,0,0,1,2
Adamawa,176,25,201,345,50,0,1,1,0,1,0,11,11
Akwa Ibom,63,12,75,125,17,1,0,4,3,1,0,1,0
Anambra,45,18,63,160,7,0,0,1,11,0,0,3,0
Bauchi,351,79,430,652,62,0,7,3,2,0,0,6,3
Bayelsa,25,4,29,82,21,0,0,0,0,1,0,0,0
Benue,273,51,324,559,51,1,6,1,3,0,1,11,8
Borno,57,7,64,94,6,0,1,0,0,0,0,0,0
Cross River,60,18,78,115,20,0,1,0,1,0,0,10,4
Delta,173,32,205,390,35,0,12,5,3,0,1,6,3
Ebonyi,76,10,86,171,11,0,3,0,1,0,0,5,1
Edo,207,36,243,447,55,0,5,1,11,0,0,5,3
Ekiti,58,13,71,174,54,0,0,0,2,0,0,2,1
Enugu,215,24,239,491,28,0,1,2,9,0,0,6,6
FCT,1028,111,1139,2664,425,0,36,16,4,3,2,18,49
Gombe,199,35,234,357,43,2,7,2,0,5,0,3,13
Imo,46,9,55,94,6,0,1,0,3,0,0,0,6
Jigawa,333,46,379,594,99,0,11,1,0,5,0,10,3
Kaduna,717,177,894,1586,99,0,15,9,2,0,0,23,9
Kano,406,74,480,683,71,0,2,2,2,2,0,6,7
Katsina,131,22,153,197,21,0,3,0,0,1,0,0,1
Kebbi,138,13,151,180,33,3,0,0,0,0,0,1,2
Kogi,395,81,476,1242,131,0,9,9,17,0,0,17,16
Kwara,342,67,409,727,67,0,4,5,4,0,3,13,11
Lagos,209,32,241,720,87,0,3,10,22,0,0,8,5
Nasarawa,602,65,667,1286,133,0,9,5,2,1,0,29,35
Niger,456,75,531,855,141,0,7,2,0,1,0,15,1
Ogun,595,90,685,1586,243,1,8,4,5,0,0,20,19
Ondo,244,35,279,529,90,0,5,4,3,1,0,13,21
Osun,245,20,265,588,61,0,12,3,6,1,0,11,4
Oyo,378,64,442,1084,106,1,22,8,15,1,0,12,13
Plateau,184,39,223,627,26,0,2,9,5,1,1,10,4
Rivers,54,6,60,165,7,0,3,1,2,0,0,2,5
Sokoto,126,68,194,248,20,0,4,0,1,0,0,2,1
Taraba,162,9,171,294,25,0,3,0,0,0,0,1,24
Yobe,192,35,227,271,27,0,6,2,0,1,0,1,0
Zamfara,78,13,91,175,19,0,1,0,0,0,0,4,3
TOTAL,9146,1538,10684,20781,2418,9,217,110,144,26,8,286,294
STATE,NUMBER INJURED,NUMBER KILLED,TOTAL CASUALTY,PEOPLE INVOLVED,SPV,UPD,TBT,MDV,BFL,OVL,DOT,WOT,DGD
Abia,101,9,110,226,22,0,6,0,3,0,0,2,3
Adamawa,72,3,75,141,21,0,1,0,2,1,0,5,9
Akwa Ibom,55,9,64,126,20,0,2,0,0,0,0,3,1
Anambra,103,20,123,301,19,0,1,1,12,1,0,4,0
Bauchi,436,94,530,855,98,0,14,2,1,3,1,10,15
Bayelsa,16,1,17,73,15,0,0,0,0,0,0,0,0
Benue,227,16,243,404,49,0,3,0,6,0,0,8,1
Borno,154,22,176,222,10,0,2,0,0,0,0,3,0
Cross River,48,17,65,140,26,0,0,1,2,0,0,4,0
Delta,137,25,162,255,13,0,7,1,2,1,1,1,1
Ebonyi,85,17,102,313,34,0,6,1,1,0,0,6,1
Edo,133,28,161,487,44,0,4,0,11,1,0,4,3
Ekiti,46,16,62,100,38,0,0,0,0,0,0,0,2
Enugu,177,18,195,400,17,0,4,1,9,1,0,0,0
FCT,784,109,893,2399,369,5,11,5,26,12,7,14,31
Gombe,165,9,174,298,19,1,2,2,2,6,0,0,21
Imo,45,4,49,145,3,0,1,0,1,0,0,0,4
Jigawa,503,46,549,842,201,0,9,0,0,9,0,7,1
Kaduna,744,164,908,1462,119,0,9,4,2,2,1,27,19
Kano,330,57,387,631,96,0,1,0,2,1,2,2,5
Katsina,221,77,298,417,43,0,6,2,1,0,0,0,2
Kebbi,154,39,193,259,45,0,0,0,0,1,0,2,1
Kogi,305,36,341,838,99,0,15,3,9,0,0,14,0
Kwara,267,30,297,643,96,0,5,4,2,0,2,7,2
Lagos,201,57,258,699,79,0,5,14,8,0,0,8,3
Nasarawa,626,78,704,1210,129,0,4,2,3,3,0,19,45
Niger,308,41,349,546,120,0,3,1,5,1,1,9,4
Ogun,718,102,820,1817,313,2,28,13,17,0,0,29,7
Ondo,356,59,415,1034,103,0,7,3,4,0,0,10,13
Osun,327,30,357,823,78,0,10,3,6,1,2,5,5
Oyo,514,84,598,1243,105,0,19,6,4,2,3,15,19
Plateau,227,32,259,552,38,0,5,8,10,0,0,4,9
Rivers,42,9,51,204,8,0,1,0,8,0,0,3,3
Sokoto,146,38,184,256,31,0,3,1,1,0,0,6,15
Taraba,217,8,225,435,18,0,1,0,0,4,1,4,27
Yobe,191,60,251,365,26,0,1,0,1,0,0,2,2
Zamfara,77,12,89,157,22,0,1,1,1,0,0,6,2
TOTAL,9258,1476,10734,21318,2586,8,197,79,162,50,21,243,276
STATE,NUMBER INJURED,NUMBER KILLED,TOTAL CASUALTY,PEOPLE INVOLVED,SPV,UPD,TBT,MDV,BFL,OVL,DOT,WOT,DGD
Abia,89,7,96,209,12,0,6,1,7,0,0,0,1
Adamawa,117,17,134,213,22,1,2,0,0,0,0,0,2
Akwa Ibom,75,15,90,164,16,0,2,0,1,0,0,0,3
Anambra,121,14,135,344,21,1,2,5,12,0,0,0,0
Bauchi,523,93,616,888,72,0,4,2,2,1,2,9,11
Bayelsa,17,1,18,27,4,0,1,0,0,0,0,0,0
Benue,225,24,249,395,52,0,7,1,3,0,0,0,0
Borno,207,66,273,375,5,0,3,3,0,0,0,0,3
Cross River,81,21,102,257,27,0,0,1,6,0,0,2,1
Delta,174,30,204,306,27,0,4,0,5,2,0,0,0
Ebonyi,118,19,137,368,16,0,11,2,1,0,0,1,0
Edo,142,23,165,487,10,0,5,5,18,2,0,1,0
Ekiti,40,9,49,101,11,0,1,2,0,1,0,0,1
Enugu,157,19,176,481,33,0,2,2,17,1,0,0,1
FCT,791,127,918,2103,120,5,18,9,17,5,5,5,41
Gombe,363,47,410,656,33,0,3,7,1,3,0,0,18
Imo,97,21,118,235,6,0,1,0,3,0,0,0,7
Jigawa,624,44,668,1043,128,1,7,1,0,13,2,5,5
Kaduna,810,142,952,1728,133,0,13,4,3,0,1,4,10
Kano,411,94,505,781,66,0,6,0,0,4,0,6,11
Katsina,169,32,201,278,21,0,3,0,0,1,0,2,3
Kebbi,186,43,229,391,13,0,0,0,0,1,0,0,1
Kogi,413,81,494,1287,82,1,6,5,16,2,0,0,8
Kwara,252,54,306,632,49,1,12,7,6,0,1,0,5
Lagos,268,42,310,808,92,0,6,11,25,0,0,0,6
Nasarawa,580,57,637,1216,105,1,10,29,10,1,0,0,27
Niger,553,96,649,1075,90,0,4,2,10,1,0,1,6
Ogun,663,77,740,1737,183,0,19,10,9,0,0,0,15
Ondo,247,33,280,593,81,0,4,2,3,1,0,0,16
Osun,319,39,358,795,64,0,14,5,6,2,0,0,3
Oyo,423,84,507,984,115,1,8,7,4,1,0,0,25
Plateau,254,29,283,522,27,0,2,20,2,0,0,2,4
Rivers,43,16,59,156,6,0,2,1,4,0,0,1,4
Sokoto,148,26,174,259,19,0,0,0,2,1,0,1,6
Taraba,192,8,200,361,4,0,2,1,1,1,0,0,25
Yobe,237,35,272,423,25,3,6,6,1,2,0,0,1
Zamfara,103,23,126,174,13,1,2,0,0,1,1,2,0
TOTAL,10232,1608,11840,22852,1803,16,198,151,195,47,12,42,270
STATE,NUMBER INJURED,NUMBER KILLED,TOTAL CASUALTY,PEOPLE INVOLVED,SPV,UPD,TBT,MDV,BFL,OVL,DOT,WOT,DGD
Abia,45,16,61,81,7,0,3,0,0,1,0,0,2
Adamawa,152,20,172,272,35,0,0,1,0,1,0,4,5
Akwa Ibom,16,3,19,32,4,0,1,0,0,0,0,1,2
Anambra,76,3,79,161,8,0,0,3,1,0,0,2,0
Bauchi,473,139,612,826,79,0,12,3,2,2,1,24,5
Bayelsa,11,1,12,28,8,0,1,0,0,1,0,0,0
Benue,84,4,88,226,19,0,1,2,1,0,0,3,1
Borno,76,9,85,115,6,0,7,1,0,0,0,0,2
Cross River,35,7,42,76,12,0,0,0,2,0,0,0,0
Delta,87,34,121,174,15,0,7,0,0,1,0,2,0
Ebonyi,131,14,145,366,28,0,2,2,0,1,0,2,1
Edo,183,41,224,426,25,0,6,11,9,2,0,4,3
Ekiti,48,2,50,120,39,0,1,2,4,0,0,0,1
Enugu,99,21,120,237,28,0,0,0,7,0,0,1,3
FCT,667,100,767,1663,300,0,21,6,11,2,3,3,33
Gombe,240,26,266,394,47,2,0,1,0,0,0,0,14
Imo,58,11,69,123,8,0,0,0,2,0,0,2,0
Jigawa,400,26,426,717,185,0,6,0,0,3,0,7,6
Kaduna,782,139,921,1730,109,0,11,3,0,0,1,17,26
Kano,309,69,378,587,53,0,5,1,0,1,0,3,6
Katsina,143,29,172,206,18,0,1,0,0,1,0,1,1
Kebbi,128,62,190,252,25,0,0,0,0,1,0,1,2
Kogi,313,64,377,718,73,1,12,7,9,0,0,13,2
Kwara,328,54,382,663,88,0,11,8,5,0,0,16,1
Lagos,230,40,270,613,66,0,3,8,12,0,0,9,1
Nasarawa,315,23,338,565,73,0,4,5,4,4,0,19,16
Niger,407,94,501,895,103,0,5,1,7,3,2,13,6
Ogun,707,113,820,1742,320,0,14,14,16,3,0,18,4
Ondo,239,43,282,618,70,1,12,0,4,0,0,1,12
Osun,255,13,268,559,53,0,11,2,0,0,4,2,1
Oyo,247,53,300,591,84,0,8,5,9,2,3,6,12
Plateau,420,55,475,824,42,0,1,18,11,2,1,13,18
Rivers,37,9,46,80,16,0,0,0,1,0,0,0,1
Sokoto,69,40,109,148,14,0,1,0,0,0,0,0,3
Taraba,201,24,225,397,9,0,3,0,0,0,0,3,14
Yobe,215,26,241,338,36,0,6,5,0,1,0,3,1
Zamfara,113,14,127,189,14,0,0,0,0,3,0,4,0
TOTAL,8339,1441,9780,17752,2119,4,176,109,117,35,15,197,205
STATE,NUMBER INJURED,NUMBER KILLED,TOTAL CASUALTY,PEOPLE INVOLVED,SPV,UPD,TBT,MDV,BFL,OVL,DOT,WOT,DGD
Abia,12,22,3,25,5,0,7,2,4,0,0,0,0
Adamawa,57,175,5,180,21,0,1,1,2,0,0,2,4
Akwa Ibom,17,32,6,38,9,0,0,0,0,0,0,0,0
Anambra,34,60,12,72,14,1,4,0,10,0,0,10,0
Bauchi,100,399,84,483,36,0,9,4,0,1,0,2,1
Bayelsa,7,30,8,38,6,0,0,0,0,0,0,1,0
Benue,57,156,29,185,44,0,3,1,1,0,0,2,1
Borno,54,164,13,177,8,0,2,0,0,2,0,6,0
Cross River,27,85,22,107,10,0,1,0,7,0,0,2,0
Delta,28,84,17,101,17,0,5,0,3,0,0,3,0
Ebonyi,48,97,43,140,12,0,1,0,0,0,0,4,0
Edo,71,222,50,272,40,0,2,2,11,0,0,1,0
Ekiti,28,51,9,60,28,0,1,0,1,0,0,1,0
Enugu,44,129,40,169,18,0,1,0,14,0,0,1,1
FCT,320,653,65,718,278,0,17,12,9,0,4,8,16
Gombe,60,220,30,250,17,0,8,5,2,0,0,3,3
Imo,20,37,8,45,9,0,4,0,4,0,0,1,2
Jigawa,107,291,53,344,89,0,8,0,0,5,0,2,1
Kaduna,190,755,119,874,71,0,7,1,0,1,2,7,8
Kano,87,272,46,318,25,0,1,1,0,1,0,5,7
Katsina,37,131,34,165,17,0,3,1,0,0,0,3,0
Kebbi,37,89,24,113,10,0,0,0,0,0,0,0,0
Kogi,107,360,57,417,21,2,13,2,9,0,0,5,1
Kwara,77,288,37,325,30,0,5,4,2,0,0,19,7
Lagos,138,209,52,261,56,0,4,12,8,0,0,5,7
Nasarawa,208,532,55,587,113,1,14,6,2,2,0,9,21
Niger,150,499,78,577,98,1,4,4,3,0,0,13,4
Ogun,283,621,97,718,262,0,28,4,9,4,0,25,11
Ondo,113,278,39,317,68,0,5,1,3,0,0,7,3
Osun,89,230,54,284,59,0,6,1,5,1,0,5,0
Oyo,144,370,94,464,106,0,12,0,5,2,0,10,6
Plateau,61,194,33,227,32,0,0,0,7,0,0,5,3
Rivers,22,34,11,45,11,0,4,0,3,0,0,0,2
Sokoto,17,58,8,66,14,0,0,0,0,2,0,2,4
Taraba,47,99,10,109,8,0,1,0,0,0,0,1,9
Yobe,50,305,32,337,11,0,9,2,0,0,0,2,2
Zamfara,19,146,32,178,8,0,0,0,0,0,0,2,1
TOTAL,2967,8377,1409,9786,1681,5,190,66,124,21,6,174,125
STATE,NUMBER INJURED,NUMBER KILLED,TOTAL CASUALTY,PEOPLE INVOLVED,SPV,UPD,TBT,MDV,BFL,OVL,DOT,WOT,DGD
Abia,15,42,11,53,5,0,7,2,4,0,0,0,0
Adamawa,32,89,6,95,21,0,1,1,2,0,0,2,4
Akwa Ibom,8,14,3,17,9,0,0,0,0,0,0,0,0
Anambra,34,90,19,109,14,1,4,0,10,0,0,10,0
Bauchi,51,159,16,175,36,0,9,4,0,1,0,2,1
Bayelsa,5,2,0,2,6,0,0,0,0,0,0,1,0
Benue,55,176,13,189,44,0,3,1,1,0,0,2,1
Borno,28,93,17,110,8,0,2,0,0,2,0,6,0
Cross River,18,25,12,37,10,0,1,0,7,0,0,2,0
Delta,30,63,15,78,17,0,5,0,3,0,0,3,0
Ebonyi,19,39,10,49,12,0,1,0,0,0,0,4,0
Edo,33,79,16,95,40,0,2,2,11,0,0,1,0
Ekiti,29,53,23,76,28,0,1,0,1,0,0,1,0
Enugu,32,96,31,127,18,0,1,0,14,0,0,1,1
FCT,349,607,82,689,278,0,17,12,9,0,4,8,16
Gombe,40,140,11,151,17,0,8,5,2,0,0,3,3
Imo,20,107,10,117,9,0,4,0,4,0,0,1,2
Jigawa,64,217,21,238,89,0,8,0,0,5,0,2,1
Kaduna,117,481,82,563,71,0,7,1,0,1,2,7,8
Kano,43,132,24,156,25,0,1,1,0,1,0,5,7
Katsina,18,78,13,91,17,0,3,1,0,0,0,3,0
Kebbi,10,14,0,14,10,0,0,0,0,0,0,0,0
Kogi,96,355,52,407,21,2,13,2,9,0,0,5,1
Kwara,73,222,51,273,30,0,5,4,2,0,0,19,7
Lagos,106,164,34,198,56,0,4,12,8,0,0,5,7
Nasarawa,162,411,37,448,113,1,14,6,2,2,0,9,21
Niger,101,382,56,438,98,1,4,4,3,0,0,13,4
Ogun,212,584,82,666,262,0,28,4,9,4,0,25,11
Ondo,68,161,44,205,68,0,5,1,3,0,0,7,3
Osun,67,239,41,280,59,0,6,1,5,1,0,5,0
Oyo,118,332,45,377,106,0,12,0,5,2,0,10,6
Plateau,44,100,4,104,32,0,0,0,7,0,0,5,3
Rivers,13,49,3,52,11,0,4,0,3,0,0,0,2
Sokoto,15,36,11,47,14,0,0,0,0,2,0,2,4
Taraba,24,79,0,79,8,0,1,0,0,0,0,1,9
Yobe,28,93,12,105,11,0,9,2,0,0,0,2,2
Zamfara,10,38,1,39,8,0,0,0,0,0,0,2,1
TOTAL,2187,6041,908,6949,1681,5,190,66,124,21,6,174,125
STATE,NUMBER INJURED,NUMBER KILLED,TOTAL CASUALTY,PEOPLE INVOLVED,SPV,UPD,TBT,MDV,BFL,OVL,DOT,WOT,DGD
Abia,26,159,14,173,6,0,5,0,3,0,0,2,0
Adamawa,42,153,11,164,29,0,4,2,0,1,0,1,2
Akwa Ibom,12,24,15,39,5,0,0,0,1,0,0,7,0
Anambra,32,71,9,80,17,0,0,0,10,4,0,1,1
Bauchi,83,361,46,407,67,0,23,3,5,4,0,5,9
Bayelsa,3,14,0,14,13,0,2,0,1,1,0,1,1
Benue,42,114,23,137,62,0,8,2,0,4,0,11,6
Borno,19,210,5,215,19,0,1,2,0,0,0,6,4
Cross River,26,42,16,58,25,0,0,1,4,0,0,6,1
Delta,38,123,29,152,26,1,5,0,3,0,0,4,0
Ebonyi,25,72,11,83,22,0,7,2,1,0,0,1,1
Edo,46,102,16,118,46,0,3,0,13,0,0,6,0
Ekiti,24,37,2,39,27,0,0,0,0,0,0,0,0
Enugu,42,193,16,209,39,0,0,0,6,0,0,1,1
FCT,296,548,69,617,280,0,18,3,6,0,0,2,11
Gombe,118,464,29,493,46,0,5,4,8,2,0,5,13
Imo,29,72,24,96,25,0,1,1,0,0,0,0,1
Jigawa,114,460,36,496,104,0,11,1,1,4,0,9,7
Kaduna,209,889,150,1039,96,1,13,6,0,2,0,18,13
Kano,59,265,62,327,44,0,2,0,0,1,0,3,5
Katsina,40,207,45,252,33,0,4,0,0,4,0,1,1
Kebbi,50,219,40,259,29,0,0,0,0,2,0,0,3
Kogi,107,355,65,420,126,1,21,6,11,0,0,22,0
Kwara,75,316,57,373,63,1,6,8,2,2,0,19,3
Lagos,101,127,17,144,71,0,1,8,6,0,0,5,4
Nasarawa,212,555,32,587,167,0,7,2,6,2,0,4,26
Niger,99,649,97,746,140,0,6,4,0,1,1,8,2
Ogun,202,521,102,623,261,0,34,12,2,0,0,16,8
Ondo,100,264,54,318,80,0,6,3,8,2,0,22,15
Osun,96,287,47,334,71,0,10,6,4,0,0,7,5
Oyo,127,372,78,450,84,0,8,3,8,1,1,8,1
Plateau,74,244,28,272,48,0,5,7,14,0,0,4,8
Rivers,16,28,3,31,17,0,1,0,2,0,0,0,0
Sokoto,25,110,13,123,41,0,0,1,0,0,1,2,6
Taraba,43,113,13,126,17,0,3,0,2,3,0,0,9
Yobe,50,340,31,371,38,0,4,1,0,6,0,0,5
Zamfara,15,36,18,54,14,0,0,0,0,0,0,2,0
TOTAL,2717,9116,1323,10439,2298,4,224,88,127,46,3,209,172
STATE,NUMBER INJURED,NUMBER KILLED,TOTAL CASUALTY,PEOPLE INVOLVED,MDV,BFL,OVL,DOT,WOT,DGD,BRD,RTV,OBS
Abia,20,86,15,101,2,0,2,1,2,0,0,0,0
Adamawa,44,145,7,152,0,1,3,0,1,0,0,2,0
Akwa Ibom,13,35,12,47,0,0,0,1,0,0,1,0,0
Anambra,23,68,11,79,0,1,7,5,0,0,0,0,0
Bauchi,55,305,54,359,14,0,1,3,1,0,0,5,1
Bayelsa,9,16,6,22,3,1,0,1,0,0,0,0,0
Benue,69,267,37,304,4,2,4,2,2,0,0,12,2
Borno,12,26,3,29,0,2,0,0,0,0,1,0,0
Cross River,20,36,8,44,2,0,0,4,0,0,3,0,0
Delta,37,144,17,161,0,0,2,6,0,0,0,0,0
Ebonyi,18,45,12,57,6,0,0,0,0,0,1,1,0
Edo,50,117,16,133,29,1,0,8,0,0,1,0,7
Ekiti,21,60,3,63,13,2,2,2,0,0,0,0,0
Enugu,46,175,35,210,7,0,4,14,0,0,0,0,0
FCT,292,695,71,766,72,1,2,3,3,3,0,15,0
Gombe,71,243,33,276,5,4,0,3,3,0,1,7,0
Imo,12,74,21,95,0,1,3,1,0,0,0,0,0
Jigawa,60,185,26,211,30,0,6,0,0,0,0,4,0
Kaduna,157,765,124,889,1,3,6,1,3,2,1,9,1
Kano,48,233,74,307,26,0,1,0,3,0,1,2,0
Katsina,26,107,18,125,7,0,0,0,0,0,2,0,0
Kebbi,27,65,16,81,12,0,1,0,0,0,0,1,0
Kogi,105,330,89,419,1,2,17,7,0,0,0,0,1
Kwara,52,210,44,254,9,4,8,0,1,0,0,1,0
Lagos,147,186,31,217,12,14,11,9,0,0,0,2,0
Nasarawa,164,485,55,540,39,1,3,4,3,0,1,18,0
Niger,121,441,94,535,35,1,12,1,0,0,8,2,0
Ogun,179,519,92,611,93,19,7,7,1,0,1,4,1
Ondo,94,226,50,276,48,0,8,1,0,0,0,8,1
Osun,87,291,37,328,30,4,7,0,0,0,1,4,1
Oyo,133,421,103,524,78,1,8,8,2,0,1,0,2
Plateau,64,189,13,202,22,3,3,11,1,0,0,9,0
Rivers,13,31,14,45,3,0,0,1,0,0,0,0,0
Sokoto,25,107,19,126,18,3,3,0,1,0,0,4,0
Taraba,32,83,8,91,4,0,2,1,0,0,0,11,0
Yobe,38,155,21,176,9,0,1,0,2,0,0,7,0
Zamfara,20,84,16,100,5,0,0,1,0,0,4,0,0
TOTAL,2404,7650,1305,8955,639,71,134,106,29,5,28,128,17
STATE,NUMBER INJURED,NUMBER KILLED,TOTAL CASUALTY,PEOPLE INVOLVED,SPV,UPD,TBT,LOC,MDV,WOV,BFL,OVL,DOT
Abia,15,104,17,121,4,0,4,5,0,2,1,2,0
Adamawa,43,107,10,117,16,1,2,6,0,0,0,0,0
Akwa Ibom,7,13,4,17,6,0,0,1,0,0,1,0,0
Anambra,21,49,15,64,4,0,2,0,1,4,8,0,0
Bauchi,46,260,17,277,22,0,8,14,0,1,0,3,0
Bayelsa,5,18,1,19,2,0,1,1,0,0,1,0,0
Benue,45,121,25,146,29,0,2,4,1,1,1,0,0
Borno,13,42,5,47,5,0,0,2,2,0,0,2,2
Cross River,17,34,6,40,9,0,0,1,0,0,1,0,0
Delta,25,65,10,75,11,0,0,5,0,2,1,0,0
Ebonyi,22,29,11,40,11,0,5,4,0,0,0,0,0
Edo,35,99,12,111,12,0,2,19,3,1,4,0,0
Ekiti,21,53,7,60,13,0,1,12,1,0,0,1,0
Enugu,28,66,14,80,17,0,1,9,1,3,6,0,0
FCT,159,323,56,379,115,2,10,73,12,10,4,0,2
Gombe,60,226,13,239,33,1,5,8,4,0,5,0,0
Imo,14,39,1,40,4,0,0,2,0,0,7,0,0
Jigawa,117,539,73,612,72,2,15,57,1,2,3,10,0
Kaduna,124,504,106,610,64,0,23,2,2,5,0,1,1
Kano,35,177,59,236,16,1,0,13,0,4,3,1,0
Katsina,17,90,26,116,13,0,0,6,0,1,0,0,0
Kebbi,30,99,32,131,18,0,1,10,1,0,0,0,0
Kogi,76,253,27,280,64,0,12,0,2,5,8,4,0
Kwara,53,198,32,230,34,0,5,9,7,12,0,0,0
Lagos,107,161,24,185,55,0,0,12,6,8,7,0,0
Nasarawa,101,303,17,320,60,1,4,22,2,3,0,1,0
Niger,84,369,113,482,49,0,5,30,0,3,4,1,1
Ogun,190,477,91,568,133,0,25,115,10,11,6,6,0
Ondo,64,122,41,163,34,1,3,31,3,3,1,1,0
Osun,67,263,44,307,49,0,3,40,7,4,2,0,0
Oyo,129,368,67,435,81,0,7,68,4,7,5,6,0
Plateau,52,154,14,168,17,0,2,9,0,7,9,2,0
Rivers,13,24,5,29,7,0,0,2,0,0,1,0,0
Sokoto,19,52,16,68,12,1,0,14,0,3,0,0,0
Taraba,29,66,5,71,5,0,3,9,1,2,1,0,0
Yobe,39,167,7,174,16,0,9,13,0,1,0,4,0
Zamfara,11,30,12,42,7,0,0,4,0,2,0,1,0
TOTAL,1933,6064,1035,7099,1119,10,160,632,71,107,90,46,6
